id;level;access_id;last_modified;last_modified_by
1;User;74074;2022-01-19T20:11:06;override Multi-tiered
2;ADMIN;45443;2022-01-19T19:14:41;Steel reciprocal
3;ADMIN;19111;2022-01-19T17:55:46;Granite Bermudian
4;ADMIN;31290;2022-01-19T14:51:20;synthesizing override state
5;User;91170;2022-01-19T07:46:12;moratorium
6;User;22386;2022-01-19T13:17:17;Trail enable Bike
7;User;11434;2022-01-19T19:28:53;Regional
8;ADMIN;30013;2022-01-19T09:32:34;Toys Greece
9;User;39146;2022-01-19T18:34:41;Metal incremental Towels
10;ADMIN;57245;2022-01-19T16:26:22;compress
